Alexa Chung,alexachung@localhost.co.uk,12345
Mary Berry,maryberry@localhost.co.uk,12345
Lorraine Pascale,lorrainepascale@localhost.co.uk,12345
Sophie Dahl,sophiedahl@localhost.co.uk,12345
Donal Skehan,donalskehan@localhost.co.uk,12345
William Leigh,williamleigh@localhost.co.uk,12345
Kitty Hope and Mark Greenwood,kittyhopeandmarkgreenwood@localhost.co.uk,12345
Nigella Lawson,nigellalawson@localhost.co.uk,12345
Annabel Karmel,annabelkarmel@localhost.co.uk,12345
Kayvan Novak,kayvannovak@localhost.co.uk,12345
Tom Kerridge,tomkerridge@localhost.co.uk,12345
Paul Hollywood,paulhollywood@localhost.co.uk,12345
Antony Worrall Thompson,antonyworrallthompson@localhost.co.uk,12345
Chris Moyles,chrismoyles@localhost.co.uk,12345
Stacie Stewart,staciestewart@localhost.co.uk,12345
Victoria Wood,victoriawood@localhost.co.uk,12345
Miss South,misssouth@localhost.co.uk,12345
Jo Wood,jowood@localhost.co.uk,12345
Mari Williams,mariwilliams@localhost.co.uk,12345
The Hairy Bikers,thehairybikers@localhost.co.uk,12345
James Martin,jamesmartin@localhost.co.uk,12345
Joanna Lumley,joannalumley@localhost.co.uk,12345
Dan Lepard,danlepard@localhost.co.uk,12345
Nigel Slater,nigelslater@localhost.co.uk,12345
Tamsin Greig,tamsingreig@localhost.co.uk,12345
Paul Merrett,paulmerrett@localhost.co.uk,12345
Derith Rhisiart,derithrhisiart@localhost.co.uk,12345
Gizzi Erskine,gizzierskine@localhost.co.uk,12345
Ben O'Donoghue,beno'donoghue@localhost.co.uk,12345
Raymond Blanc,raymondblanc@localhost.co.uk,12345
Simon Rimmer,simonrimmer@localhost.co.uk,12345
Jo' Pratt,jo'pratt@localhost.co.uk,12345
Nicky Evans,nickyevans@localhost.co.uk,12345
Emily Angle,emilyangle@localhost.co.uk,12345
Glynn Purnell,glynnpurnell@localhost.co.uk,12345
Michael Sheen,michaelsheen@localhost.co.uk,12345
Gok Wan,gokwan@localhost.co.uk,12345
Lesley Waters,lesleywaters@localhost.co.uk,12345
Abbey Clancy,abbeyclancy@localhost.co.uk,12345
Jonathan Ross,jonathanross@localhost.co.uk,12345
Zoe Sugg,zoesugg@localhost.co.uk,12345
Celia Brooks,celiabrooks@localhost.co.uk,12345
Momma Cherri,mommacherri@localhost.co.uk,12345
Sophie Wright,sophiewright@localhost.co.uk,12345
Hemsley + Hemsley,hemsley+hemsley@localhost.co.uk,12345
Richard Phillips,richardphillips@localhost.co.uk,12345
Jo Jo,jojo@localhost.co.uk,12345
Beca Lyne-Pirkis,becalyne-pirkis@localhost.co.uk,12345
Mary Henry,maryhenry@localhost.co.uk,12345
Jennifer Saunders,jennifersaunders@localhost.co.uk,12345
Valentine Warner,valentinewarner@localhost.co.uk,12345
Roberta Sawalha / Julia Sawalha,robertasawalhajuliasawalha@localhost.co.uk,12345
Joanne Wheatley,joannewheatley@localhost.co.uk,12345
Dame Edna Everage,dameednaeverage@localhost.co.uk,12345
Holly Bell,hollybell@localhost.co.uk,12345
Yasmin Limbert,yasminlimbert@localhost.co.uk,12345
Michel Roux Jr.,michelrouxjr.@localhost.co.uk,12345
Reshma Martin,reshmamartin@localhost.co.uk,12345
Avocado,avocado@localhost.co.uk,12345